{
    "Burundi": [
      29.8870575,
      -3.3634357
    ],
    "Comoros": [
      44.2832964,
      -12.2045176
    ],
    "Djibouti": [
      42.8453061,
      11.8145966
    ],
    "Eritrea": [
      37.9999668,
      15.9500319
    ],
    "Ethiopia": [
      38.6521203,
      10.2116702
    ],
    "Kenya": [
      38.4313975,
      1.4419683
    ],
    "Madagascar": [
      46.4416422,
      -18.9249604
    ],
    "Malawi": [
      33.9301963,
      -13.2687204
    ],
    "Mauritius": [
      57.5703566,
      -20.2759451
    ],
    "Mayotte": [
      45.1520755,
      -12.823048
    ],
    "Mozambique": [
      34.9144977,
      -19.302233
    ],
    "Réunion": [
      55.536480112992315,
      -21.130737949999997
    ],
    "Rwanda": [
      30.0644358,
      -1.9646631
    ],
    "Seychelles": [
      55.4540146,
      -4.6574977
    ],
    "Somalia": [
      49.083416,
      8.3676771
    ],
    "South Sudan": [
      29.6667897,
      7.8699431
    ],
    "Uganda": [
      32.2166578,
      1.5333554
    ],
    "United Republic of Tanzania": [
      35.7878438,
      -6.5247123
    ],
    "Zambia": [
      27.5599164,
      -14.5186239
    ],
    "Zimbabwe": [
      29.7468414,
      -18.4554963
    ],
    "Angola": [
      17.5691241,
      -11.8775768
    ],
    "Cameroon": [
      13.1535811,
      4.6125522
    ],
    "Central African Republic": [
      19.9981227,
      7.0323598
    ],
    "Chad": [
      19.0156172,
      15.6134137
    ],
    "Congo": [
      15.6419155,
      -0.7264327
    ],
    "Democratic Republic of the Congo": [
      23.8222636,
      -2.9814344
    ],
    "Equatorial Guinea": [
      10.5170357,
      1.613172
    ],
    "Gabon": [
      11.6899699,
      -0.8999695
    ],
    "Sao Tome and Principe": [
      6.9648718,
      0.8875498
    ],
    "Botswana": [
      24.5928742,
      -23.1681782
    ],
    "Eswatini": [
      31.3991317,
      -26.5624806
    ],
    "Lesotho": [
      28.3350193,
      -29.6039267
    ],
    "Namibia": [
      17.3231107,
      -23.2335499
    ],
    "South Africa": [
      24.991639,
      -28.8166236
    ],
    "Benin": [
      2.2584408,
      9.5293472
    ],
    "Burkina Faso": [
      -1.6880314,
      12.0753083
    ],
    "Cabo Verde": [
      -24.0083947,
      16.0000552
    ],
    "Côte d'Ivoire": [
      -5.5679458,
      7.9897371
    ],
    "Gambia": [
      -15.4900464,
      13.470062
    ],
    "Ghana": [
      -1.0800271,
      8.0300284
    ],
    "Guinea": [
      -10.7083587,
      10.7226226
    ],
    "Guinea-Bissau": [
      -14.9000214,
      12.100035
    ],
    "Liberia": [
      -9.3658524,
      5.7499721
    ],
    "Mali": [
      -2.2900239,
      16.3700359
    ],
    "Mauritania": [
      -9.2399263,
      20.2540382
    ],
    "Niger": [
      9.3238432,
      17.7356214
    ],
    "Nigeria": [
      7.9999721,
      9.6000359
    ],
    "Saint Helena": [
      -5.702147693859718,
      -15.9656162
    ],
    "Senegal": [
      -14.4529612,
      14.4750607
    ],
    "Sierra Leone": [
      -11.8400269,
      8.6400349
    ],
    "Togo": [
      1.0199765,
      8.7800265
    ],
    "Algeria": [
      2.9999825,
      28.0000272
    ],
    "Egypt": [
      29.2675469,
      26.2540493
    ],
    "Libya": [
      18.1236723,
      26.8234472
    ],
    "Morocco": [
      -7.3362482,
      31.1728205
    ],
    "Sudan": [
      29.4917691,
      14.5844444
    ],
    "Tunisia": [
      9.400138,
      33.8439408
    ],
    "Western Sahara": [
      -13.7667848,
      24.1797324
    ],
    "Armenia": [
      44.6736646,
      40.7696272
    ],
    "Azerbaijan": [
      47.7872508,
      40.3936294
    ],
    "Bahrain": [
      50.5344606,
      26.1551249
    ],
    "Cyprus": [
      33.1451285,
      34.9823018
    ],
    "Georgia": [
      -83.1137366,
      32.3293809
    ],
    "Iraq": [
      44.1749775,
      33.0955793
    ],
    "Israel": [
      34.8667654,
      31.5313113
    ],
    "Jordan": [
      36.941628,
      31.1667049
    ],
    "Kuwait": [
      47.4979476,
      29.2733964
    ],
    "Lebanon": [
      35.843409,
      33.8750629
    ],
    "Oman": [
      57.0036901,
      21.0000287
    ],
    "Qatar": [
      51.2295295,
      25.3336984
    ],
    "Saudi Arabia": [
      42.3528328,
      25.6242618
    ],
    "State of Palestine": [
      35.27386547291496,
      31.94696655
    ],
    "Syrian Arab Republic": [
      39.0494106,
      34.6401861
    ],
    "Turkey": [
      34.9249653,
      38.9597594
    ],
    "United Arab Emirates": [
      53.9994829,
      24.0002488
    ],
    "Yemen": [
      47.8915271,
      16.3471243
    ],
    "Kazakhstan": [
      65.2093197,
      47.2286086
    ],
    "Kyrgyzstan": [
      74.724091,
      41.5089324
    ],
    "Tajikistan": [
      70.8156541,
      38.6281733
    ],
    "Turkmenistan": [
      59.3924609,
      39.3763807
    ],
    "Uzbekistan": [
      63.9528098,
      41.32373
    ],
    "Afghanistan": [
      66.2385139,
      33.7680065
    ],
    "Bangladesh": [
      90.2932426,
      24.4768783
    ],
    "Bhutan": [
      90.5119273,
      27.549511
    ],
    "India": [
      78.6677428,
      22.3511148
    ],
    "Iran (Islamic Republic of)": [
      54.5643516,
      32.6475314
    ],
    "Maldives": [
      73.3287853,
      4.7064352
    ],
    "Nepal": [
      84.0917139,
      28.1083929
    ],
    "Pakistan": [
      71.247499,
      30.3308401
    ],
    "Sri Lanka": [
      80.7137847,
      7.5554942
    ],
    "China": [
      104.999927,
      35.000074
    ],
    "China, Hong Kong SAR": [
      22.3524825,
      113.8475072
    ],
    "China, Macao SAR": [
      22.1618283,
      113.5351333
    ],
    "Dem. People's Republic of Korea": [
      40.2787386,
      125.1813511
    ],
    "Japan": [
      139.2394179,
      36.5748441
    ],
    "Mongolia": [
      103.8499736,
      46.8250388
    ],
    "Republic of Korea": [
      127.6961188,
      36.638392
    ],
    "Brunei Darussalam": [
      114.5653908,
      4.4137155
    ],
    "Cambodia": [
      104.869423,
      13.5066394
    ],
    "Indonesia": [
      117.8902853,
      -2.4833826
    ],
    "Lao People's Democratic Republic": [
      103.378253,
      20.0171109
    ],
    "Malaysia": [
      102.2656823,
      4.5693754
    ],
    "Myanmar": [
      95.9999652,
      17.1750495
    ],
    "Philippines": [
      122.7312101,
      12.7503486
    ],
    "Singapore": [
      103.83039182212079,
      1.3408630000000001
    ],
    "Thailand": [
      100.83273,
      14.8971921
    ],
    "Timor-Leste": [
      125.8375756,
      -8.5151979
    ],
    "Viet Nam": [
      108.4265113,
      13.2904027
    ],
    "Anguilla": [
      -63.0750234,
      18.1954947
    ],
    "Antigua and Barbuda": [
      -61.9554608,
      17.2234721
    ],
    "Aruba": [
      -69.9609842,
      12.4902998
    ],
    "Bahamas": [
      -78.0000547,
      24.7736546
    ],
    "Barbados": [
      -59.5250305,
      13.1500331
    ],
    "British Virgin Islands": [
      -64.5661642,
      18.4024395
    ],
    "Bonaire, Sint Eustatius and Saba": [
      -68.29096143734236,
      12.167
    ],
    "Cayman Islands": [
      -80.5667132,
      19.5417212
    ],
    "Cuba": [
      -80.8328748,
      23.0131338
    ],
    "Curaçao": [
      -68.9640875031406,
      12.1845
    ],
    "Dominica": [
      -70.3028026,
      19.0974031
    ],
    "Dominican Republic": [
      -70.3028026,
      19.0974031
    ],
    "Grenada": [
      -61.6904045,
      12.1360374
    ],
    "Guadeloupe": [
      -61.5650444,
      16.2490067
    ],
    "Haiti": [
      -72.3570972,
      19.1399952
    ],
    "Jamaica": [
      -77.1598454610168,
      18.1152958
    ],
    "Martinique": [
      -61.01582685063731,
      14.6367927
    ],
    "Montserrat": [
      -62.1916844,
      16.7417041
    ],
    "Puerto Rico": [
      -66.41328179513847,
      18.2214149
    ],